data;descricaoFuncionarioCargo;descricaoFuncionarioEscalaTrabalho;descricaoFuncionarioSindicato;descricaoPostoTrabalho;matricula
01/02/2026;SUPERVISOR;SEG,TER,QUA,QUI,SEX - 07:00:00-16:00:00;ANVISA REC;ANVISA REC - SUPERVISOR;1991
01/02/2026;ATENDENTE;SEG,TER,QUA,QUI,SEX - 07:00:00-13:00:00;ANVISA REC;ANVISA REC - ATENDENTE;1999
01/02/2026;ATENDENTE;SEG,TER,QUA,QUI,SEX - 13:00:00-19:00:00;ANVISA REC;ANVISA REC - ATENDENTE;3440
01/02/2026;ATENDENTE;SEG,TER,QUA,QUI,SEX - 07:00:00-13:00:00;ANVISA REC;ANVISA REC - ATENDENTE;1992
01/02/2026;ATENDENTE;SEG,TER,QUA,QUI,SEX - 07:00:00-13:00:00;ANVISA REC;ANVISA REC - ATENDENTE;2295
01/02/2026;ATENDENTE;SEG,TER,QUA,QUI,SEX - 07:00:00-13:00:00;ANVISA REC;ANVISA REC - ATENDENTE;2493
01/02/2026;DIGITALIZADOR;SEG,TER,QUA,QUI,SEX - 13:00:00-19:00:00;CAESB (GDOC);CAESB GDOC - DIGITALIZADOR;3648
01/02/2026;DIGITALIZADOR;SEG,TER,QUA,QUI,SEX - 13:00:00-19:00:00;CAESB (GDOC);CAESB GDOC - DIGITALIZADOR;2356
01/02/2026;DIGITALIZADOR;SEG,TER,QUA,QUI,SEX - 13:00:00-19:00:00;CAESB (GDOC);CAESB GDOC - DIGITALIZADOR;2337
01/02/2026;DIGITALIZADOR;SEG,TER,QUA,QUI,SEX - 07:00:00-13:00:00;CAESB (GDOC);CAESB GDOC - DIGITALIZADOR;3536
01/02/2026;DIGITALIZADOR;SEG,TER,QUA,QUI,SEX - 07:00:00-13:00:00;CAESB (GDOC);CAESB GDOC - DIGITALIZADOR;2328
01/02/2026;DIGITALIZADOR;SEG,TER,QUA,QUI,SEX - 13:00:00-19:00:00;CAESB (GDOC);CAESB GDOC - DIGITALIZADOR;3332
01/02/2026;DIGITALIZADOR;SEG,TER,QUA,QUI,SEX - 07:00:00-13:00:00;CAESB (GDOC);CAESB GDOC - DIGITALIZADOR;2325
01/02/2026;DIGITALIZADOR;SEG,TER,QUA,QUI,SEX - 07:00:00-13:00:00;CAESB (GDOC);CAESB GDOC - DIGITALIZADOR;2298
01/02/2026;DIGITALIZADOR;SEG,TER,QUA,QUI,SEX - 13:00:00-19:00:00;CAESB (GDOC);CAESB GDOC - DIGITALIZADOR;3533
01/02/2026;DIGITALIZADOR;SEG,TER,QUA,QUI,SEX - 13:00:00-19:00:00;CAESB (GDOC);CAESB GDOC - DIGITALIZADOR;3333
01/02/2026;DIGITALIZADOR;SEG,TER,QUA,QUI,SEX - 13:00:00-19:00:00;CAESB (GDOC);CAESB GDOC - DIGITALIZADOR;3334
01/02/2026;SUPERVISOR;SEG,TER,QUA,QUI,SEX - 07:00:00-13:00:00;CAESB (GDOC);CAESB GDOC - SUPERVISOR INTERPRETE;3426
01/02/2026;SUPERVISOR;SEG,TER,QUA,QUI,SEX - 13:00:00-19:00:00;CAESB (GDOC);CAESB GDOC - SUPERVISOR INTERPRETE;2403
01/02/2026;SUPERVISOR;SEG,TER,QUA,QUI,SEX - 07:00:00-13:00:00;CAESB (GDOC);CAESB GDOC - SUPERVISOR INTERPRETE;2311
01/02/2026;SUPERVISOR;SEG,TER,QUA,QUI,SEX - 13:00:00-19:00:00;CAESB (GDOC);CAESB GDOC - SUPERVISOR INTERPRETE;2319
01/02/2026;CONTROLE DE QUALIDADE;SEG,TER,QUA,QUI,SEX - 07:00:00-13:00:00;CAESB (GDOC);CAESB GDOC - CONTROLE DE QUALIDADE;2316
01/02/2026;CONTROLE DE QUALIDADE;SEG,TER,QUA,QUI,SEX - 07:00:00-13:00:00;CAESB (GDOC);CAESB GDOC - CONTROLE DE QUALIDADE;2342
01/02/2026;CONTROLE DE QUALIDADE;SEG,TER,QUA,QUI,SEX - 07:00:00-13:00:00;CAESB (GDOC);CAESB GDOC - CONTROLE DE QUALIDADE;2321
01/02/2026;CONTROLE DE QUALIDADE;SEG,TER,QUA,QUI,SEX - 07:00:00-13:00:00;CAESB (GDOC);CAESB GDOC - CONTROLE DE QUALIDADE;2347
01/02/2026;PREPARADOR;SEG,TER,QUA,QUI,SEX - 07:00:00-13:00:00;CAESB (GDOC);CAESB GDOC - PREPARADOR;2335
01/02/2026;PREPARADOR;SEG,TER,QUA,QUI,SEX - 13:00:00-19:00:00;CAESB (GDOC);CAESB GDOC - PREPARADOR;2345
01/02/2026;PREPARADOR;SEG,TER,QUA,QUI,SEX - 07:00:00-13:00:00;CAESB (GDOC);CAESB GDOC - PREPARADOR;2333
01/02/2026;PREPARADOR;SEG,TER,QUA,QUI,SEX - 07:00:00-13:00:00;CAESB (GDOC);CAESB GDOC - PREPARADOR;2306
01/02/2026;PREPARADOR;SEG,TER,QUA,QUI,SEX - 07:00:00-13:00:00;CAESB (GDOC);CAESB GDOC - PREPARADOR;2348
01/02/2026;PREPARADOR;SEG,TER,QUA,QUI,SEX - 13:00:00-19:00:00;CAESB (GDOC);CAESB GDOC - PREPARADOR;2313
01/02/2026;PREPARADOR;SEG,TER,QUA,QUI,SEX - 07:00:00-13:00:00;CAESB (GDOC);CAESB GDOC - PREPARADOR;2307
01/02/2026;PREPARADOR;SEG,TER,QUA,QUI,SEX - 07:00:00-13:00:00;CAESB (GDOC);CAESB GDOC - PREPARADOR;2338
01/02/2026;PREPARADOR;SEG,TER,QUA,QUI,SEX - 13:00:00-19:00:00;CAESB (GDOC);CAESB GDOC - PREPARADOR;3558
01/02/2026;PREPARADOR;SEG,TER,QUA,QUI,SEX - 13:00:00-19:00:00;CAESB (GDOC);CAESB GDOC - PREPARADOR;1823
01/02/2026;PREPARADOR;SEG,TER,QUA,QUI,SEX - 07:00:00-13:00:00;CAESB (GDOC);CAESB GDOC - PREPARADOR;2300
01/02/2026;PREPARADOR;SEG,TER,QUA,QUI,SEX - 07:00:00-13:00:00;CAESB (GDOC);CAESB GDOC - PREPARADOR;2349
01/02/2026;COORDENADOR;SEG,TER,QUA,QUI,SEX - 13:00:00-19:00:00;CAESB (GDOC);CAESB GDOC - COORDENADOR;3498
01/02/2026;ARQUIVISTA;SEG,TER,QUA,QUI,SEX - 13:00:00-19:00:00;CAESB (GDOC);CAESB GDOC - ARQUIVISTA;2310
01/02/2026;ARQUIVISTA;SEG,TER,QUA,QUI,SEX - 13:00:00-19:00:00;CAESB (GDOC);CAESB GDOC - ARQUIVISTA;2910
01/02/2026;ARQUIVISTA;SEG,TER,QUA,QUI,SEX - 13:00:00-19:00:00;CAESB (GDOC);CAESB GDOC - ARQUIVISTA;3127
01/02/2026;ARQUIVISTA;SEG,TER,QUA,QUI,SEX - 07:00:00-13:00:00;CAESB (GDOC);CAESB GDOC - ARQUIVISTA;3104
01/02/2026;CLASSIFICADOR;SEG,TER,QUA,QUI,SEX - 13:00:00-19:00:00;CAESB (GDOC);CAESB GDOC - CLASSIFICADOR;3690
01/02/2026;CLASSIFICADOR;SEG,TER,QUA,QUI,SEX - 07:00:00-13:00:00;CAESB (GDOC);CAESB GDOC - CLASSIFICADOR;2301
01/02/2026;CLASSIFICADOR;SEG,TER,QUA,QUI,SEX - 13:00:00-19:00:00;CAESB (GDOC);CAESB GDOC - CLASSIFICADOR;2549
01/02/2026;CLASSIFICADOR;SEG,TER,QUA,QUI,SEX - 07:00:00-13:00:00;CAESB (GDOC);CAESB GDOC - CLASSIFICADOR;2845
01/02/2026;CLASSIFICADOR;SEG,TER,QUA,QUI,SEX - 07:00:00-13:00:00;CAESB (GDOC);CAESB GDOC - CLASSIFICADOR;2314
01/02/2026;CLASSIFICADOR;SEG,TER,QUA,QUI,SEX - 13:00:00-19:00:00;CAESB (GDOC);CAESB GDOC - CLASSIFICADOR;3551
01/02/2026;CLASSIFICADOR;SEG,TER,QUA,QUI,SEX - 07:00:00-13:00:00;CAESB (GDOC);CAESB GDOC - CLASSIFICADOR;2334
01/02/2026;CLASSIFICADOR;SEG,TER,QUA,QUI,SEX - 13:00:00-19:00:00;CAESB (GDOC);CAESB GDOC - CLASSIFICADOR;2320
01/02/2026;CLASSIFICADOR;SEG,TER,QUA,QUI,SEX - 13:00:00-19:00:00;CAESB (GDOC);CAESB GDOC - CLASSIFICADOR;3562
01/02/2026;CLASSIFICADOR;SEG,TER,QUA,QUI,SEX - 13:00:00-19:00:00;CAESB (GDOC);CAESB GDOC - CLASSIFICADOR;2305
01/02/2026;CLASSIFICADOR;SEG,TER,QUA,QUI,SEX - 13:00:00-19:00:00;CAESB (GDOC);CAESB GDOC - CLASSIFICADOR;2558
01/02/2026;CLASSIFICADOR;SEG,TER,QUA,QUI,SEX - 07:00:00-13:00:00;CAESB (GDOC);CAESB GDOC - CLASSIFICADOR;2317
01/02/2026;CLASSIFICADOR;SEG,TER,QUA,QUI,SEX - 13:00:00-19:00:00;CAESB (GDOC);CAESB GDOC - CLASSIFICADOR;2312
01/02/2026;CLASSIFICADOR;SEG,TER,QUA,QUI,SEX - 13:00:00-19:00:00;CAESB (GDOC);CAESB GDOC - CLASSIFICADOR;2354
01/02/2026;CLASSIFICADOR;SEG,TER,QUA,QUI,SEX - 07:00:00-13:00:00;CAESB (GDOC);CAESB GDOC - CLASSIFICADOR;2351
01/02/2026;CLASSIFICADOR;SEG,TER,QUA,QUI,SEX - 13:00:00-19:00:00;CAESB (GDOC);CAESB GDOC - CLASSIFICADOR;2146
01/02/2026;CLASSIFICADOR;SEG,TER,QUA,QUI,SEX - 07:00:00-13:00:00;CAESB (GDOC);CAESB GDOC - CLASSIFICADOR;2853
01/02/2026;CLASSIFICADOR;SEG,TER,QUA,QUI,SEX - 07:00:00-13:00:00;CAESB (GDOC);CAESB GDOC - CLASSIFICADOR;2350
01/02/2026;CLASSIFICADOR;SEG,TER,QUA,QUI,SEX - 13:00:00-19:00:00;CAESB (GDOC);CAESB GDOC - CLASSIFICADOR;2844
01/02/2026;PREPARADOR;SEG,TER,QUA,QUI,SEX - 08:00:00-14:00:00;CEB - COMPANHIA ENERGÉTICA DE BRASÍLIA;CEB - PREPARADOR;3701
01/02/2026;PREPARADOR;SEG,TER,QUA,QUI,SEX - 08:00:00-14:00:00;CEB - COMPANHIA ENERGÉTICA DE BRASÍLIA;CEB - PREPARADOR;3704
01/02/2026;PREPARADOR;SEG,TER,QUA,QUI,SEX - 08:00:00-14:00:00;CEB - COMPANHIA ENERGÉTICA DE BRASÍLIA;CEB - PREPARADOR;3706
01/02/2026;DIGITALIZADOR;SEG,TER,QUA,QUI,SEX - 08:00:00-14:00:00;CEB - COMPANHIA ENERGÉTICA DE BRASÍLIA;CEB - DIGITALIZADOR;3702
01/02/2026;DIGITALIZADOR;SEG,TER,QUA,QUI,SEX - 08:00:00-14:00:00;CEB - COMPANHIA ENERGÉTICA DE BRASÍLIA;CEB - DIGITALIZADOR;3703
01/02/2026;SUPERVISOR;SEG,TER,QUA,QUI,SEX - 08:00:00-14:00:00;CEB - COMPANHIA ENERGÉTICA DE BRASÍLIA;CEB - SUPERVISOR;3751
01/02/2026;ARQUIVISTA;SEG,TER,QUA,QUI,SEX - 08:00:00-14:00:00;CEB - COMPANHIA ENERGÉTICA DE BRASÍLIA;CEB - ARQUIVISTA;3711
01/02/2026;CLASSIFICADOR;SEG,TER,QUA,QUI,SEX - 08:00:00-14:00:00;CEB - COMPANHIA ENERGÉTICA DE BRASÍLIA;CEB - CLASSIFICADOR;3744
01/02/2026;PREPARADOR;SEG,TER,QUA,QUI,SEX - 07:00:00-13:00:00;CREA MG;CREA - MG - PREPARADOR;2909
01/02/2026;PREPARADOR;SEG,TER,QUA,QUI,SEX - 13:00:00-19:00:00;CREA MG;CREA - MG - PREPARADOR;2512
01/02/2026;PREPARADOR;SEG,TER,QUA,QUI,SEX - 07:00:00-13:00:00;CREA MG;CREA - MG - PREPARADOR;3005
01/02/2026;PREPARADOR;SEG,TER,QUA,QUI,SEX - 13:00:00-19:00:00;CREA MG;CREA - MG - PREPARADOR;3166
01/02/2026;PREPARADOR;SEG,TER,QUA,QUI,SEX - 07:00:00-13:00:00;CREA MG;CREA - MG - PREPARADOR;2514
01/02/2026;PREPARADOR;SEG,TER,QUA,QUI,SEX - 07:00:00-13:00:00;CREA MG;CREA - MG - PREPARADOR;2517
01/02/2026;PREPARADOR;SEG,TER,QUA,QUI,SEX - 07:00:00-13:00:00;CREA MG;CREA - MG - PREPARADOR;2539
01/02/2026;SUPERVISOR;SEG,TER,QUA,QUI,SEX - 07:00:00-13:00:00;CREA MG;CREA - MG - SUPERVISOR INTERPRETE;2544
01/02/2026;SUPERVISOR;SEG,TER,QUA,QUI,SEX - 07:00:00-13:00:00;CREA MG;CREA - MG - SUPERVISOR INTERPRETE;3028
01/02/2026;ARQUIVISTA;SEG,TER,QUA,QUI,SEX - 13:00:00-19:00:00;CREA MG;CREA - MG - ARQUIVISTA;3045
01/02/2026;ARQUIVISTA;SEG,TER,QUA,QUI,SEX - 07:00:00-13:00:00;CREA MG;CREA - MG - ARQUIVISTA;2505
01/02/2026;INDEXADOR;SEG,TER,QUA,QUI,SEX - 07:00:00-13:00:00;CREA MG;CREA - MG - INDEXADOR;2792
01/02/2026;INDEXADOR;SEG,TER,QUA,QUI,SEX - 07:00:00-13:00:00;CREA MG;CREA - MG - INDEXADOR;2537
01/02/2026;INDEXADOR;SEG,TER,QUA,QUI,SEX - 07:00:00-13:00:00;CREA MG;CREA - MG - INDEXADOR;2542
01/02/2026;INDEXADOR;SEG,TER,QUA,QUI,SEX - 07:00:00-13:00:00;CREA MG;CREA - MG - INDEXADOR;2972
01/02/2026;CLASSIFICADOR;SEG,TER,QUA,QUI,SEX - 07:00:00-13:00:00;CREA MG;CREA - MG - CLASSIFICADOR;2524
01/02/2026;CLASSIFICADOR;SEG,TER,QUA,QUI,SEX - 07:00:00-13:00:00;CREA MG;CREA - MG - CLASSIFICADOR;2973
01/02/2026;CLASSIFICADOR;SEG,TER,QUA,QUI,SEX - 07:00:00-13:00:00;CREA MG;CREA - MG - CLASSIFICADOR;2507
01/02/2026;CLASSIFICADOR;SEG,TER,QUA,QUI,SEX - 07:00:00-13:00:00;CREA MG;CREA - MG - CLASSIFICADOR;2518
01/02/2026;CLASSIFICADOR;SEG,TER,QUA,QUI,SEX - 13:00:00-19:00:00;CREA MG;CREA - MG - CLASSIFICADOR;3471
01/02/2026;CLASSIFICADOR;SEG,TER,QUA,QUI,SEX - 07:00:00-13:00:00;CREA MG;CREA - MG - CLASSIFICADOR;2970
01/02/2026;DIGITALIZADOR;SEG,TER,QUA,QUI,SEX - 07:00:00-13:00:00;CREA MG;CREA - MG - DIGITALIZADOR;2516
01/02/2026;DIGITALIZADOR;SEG,TER,QUA,QUI,SEX - 13:00:00-19:00:00;CREA MG;CREA - MG - DIGITALIZADOR;3181
01/02/2026;DIGITALIZADOR;SEG,TER,QUA,QUI,SEX - 07:00:00-13:00:00;CREA MG;CREA - MG - DIGITALIZADOR;2543
01/02/2026;DIGITALIZADOR;SEG,TER,QUA,QUI,SEX - 07:00:00-13:00:00;CREA MG;CREA - MG - DIGITALIZADOR;2522
01/02/2026;DIGITALIZADOR;SEG,TER,QUA,QUI,SEX - 13:00:00-19:00:00;CREA MG;CREA - MG - DIGITALIZADOR;3185
01/02/2026;DIGITALIZADOR;SEG,TER,QUA,QUI,SEX - 07:00:00-13:00:00;CREA MG;CREA - MG - DIGITALIZADOR;2581
01/02/2026;DIGITALIZADOR;SEG,TER,QUA,QUI,SEX - 07:00:00-13:00:00;CREA MG;CREA - MG - DIGITALIZADOR;2532
01/02/2026;DIGITALIZADOR;SEG,TER,QUA,QUI,SEX - 07:00:00-13:00:00;CREA MG;CREA - MG - DIGITALIZADOR;2520
01/02/2026;DIGITALIZADOR;SEG,TER,QUA,QUI,SEX - 13:00:00-19:00:00;CREA MG;CREA - MG - DIGITALIZADOR;2533
01/02/2026;DIGITALIZADOR;SEG,TER,QUA,QUI,SEX - 07:00:00-13:00:00;CREA MG;CREA - MG - DIGITALIZADOR;2531
01/02/2026;DIGITALIZADOR;SEG,TER,QUA,QUI,SEX - 07:00:00-13:00:00;CREA MG;CREA - MG - DIGITALIZADOR;3220
01/02/2026;DIGITALIZADOR;SEG,TER,QUA,QUI,SEX - 07:00:00-13:00:00;CREA MG;CREA - MG - DIGITALIZADOR;2504
01/02/2026;DIGITALIZADOR;SEG,TER,QUA,QUI,SEX - 07:00:00-13:00:00;CREA MG;CREA - MG - DIGITALIZADOR;2515
01/02/2026;DIGITALIZADOR;SEG,TER,QUA,QUI,SEX - 07:00:00-13:00:00;CREA MG;CREA - MG - DIGITALIZADOR;2535
01/02/2026;DIGITALIZADOR;SEG,TER,QUA,QUI,SEX - 13:00:00-19:00:00;CREA MG;CREA - MG - DIGITALIZADOR;3472
01/02/2026;DIGITALIZADOR;SEG,TER,QUA,QUI,SEX - 07:00:00-13:00:00;CREA MG;CREA - MG - DIGITALIZADOR;2519
01/02/2026;DIGITALIZADOR;SEG,TER,QUA,QUI,SEX - 08:00:00-14:00:00;DNIT - AM;DNIT - AM - DIGITALIZADOR;3753
01/02/2026;DIGITALIZADOR;SEG,TER,QUA,QUI,SEX - 08:00:00-14:00:00;DNIT - AM;DNIT - AM - DIGITALIZADOR;3748
01/02/2026;SUPERVISOR;SEG,TER,QUA,QUI,SEX - 08:00:00-14:00:00;DNIT - AM;DNIT - AM - SUPERVISOR INTERPRETE;3754
01/02/2026;ARQUIVISTA;SEG,TER,QUA,QUI,SEX - 08:00:00-14:00:00;DNIT - AM;DNIT - AM - ARQUIVISTA;3749
01/02/2026;CLASSIFICADOR;SEG,TER,QUA,QUI,SEX - 08:00:00-14:00:00;DNIT - AM;DNIT - AM - CLASSIFICADOR;3747
01/02/2026;CLASSIFICADOR;SEG,TER,QUA,QUI,SEX - 08:00:00-14:00:00;DNIT - AM;DNIT - AM - CLASSIFICADOR;3750
01/02/2026;DIGITALIZADOR;SEG,TER,QUA,QUI,SEX - 07:00:00-13:00:00;DNIT - DF;DNIT - BSB - DIGITALIZADOR;1171
01/02/2026;DIGITALIZADOR;SEG,TER,QUA,QUI,SEX - 13:00:00-19:00:00;DNIT - DF;DNIT - BSB - DIGITALIZADOR;1152
01/02/2026;DIGITALIZADOR;SEG,TER,QUA,QUI,SEX - 13:00:00-19:00:00;DNIT - DF;DNIT - BSB - DIGITALIZADOR;1151
01/02/2026;DIGITALIZADOR;SEG,TER,QUA,QUI,SEX - 13:00:00-19:00:00;DNIT - DF;DNIT - BSB - DIGITALIZADOR;2143
01/02/2026;DIGITALIZADOR;SEG,TER,QUA,QUI,SEX - 13:00:00-19:00:00;DNIT - DF;DNIT - BSB - DIGITALIZADOR;2463
01/02/2026;DIGITALIZADOR;SEG,TER,QUA,QUI,SEX - 13:00:00-19:00:00;DNIT - DF;DNIT - BSB - DIGITALIZADOR;2464
01/02/2026;DIGITALIZADOR;SEG,TER,QUA,QUI,SEX - 13:00:00-19:00:00;DNIT - DF;DNIT - BSB - DIGITALIZADOR;2466
01/02/2026;DIGITALIZADOR;SEG,TER,QUA,QUI,SEX - 13:00:00-19:00:00;DNIT - DF;DNIT - BSB - DIGITALIZADOR;3305
01/02/2026;DIGITALIZADOR;SEG,TER,QUA,QUI,SEX - 13:00:00-19:00:00;DNIT - DF;DNIT - BSB - DIGITALIZADOR;2467
01/02/2026;DIGITALIZADOR;SEG,TER,QUA,QUI,SEX - 07:00:00-13:00:00;DNIT - DF;DNIT - BSB - DIGITALIZADOR;2945
01/02/2026;DIGITALIZADOR;SEG,TER,QUA,QUI,SEX - 07:00:00-13:00:00;DNIT - DF;DNIT - BSB - DIGITALIZADOR;2943
01/02/2026;DIGITALIZADOR;SEG,TER,QUA,QUI,SEX - 07:00:00-13:00:00;DNIT - DF;DNIT - BSB - DIGITALIZADOR;3430
01/02/2026;DIGITALIZADOR;SEG,TER,QUA,QUI,SEX - 07:00:00-13:00:00;DNIT - DF;DNIT - BSB - DIGITALIZADOR;2963
01/02/2026;DIGITALIZADOR;SEG,TER,QUA,QUI,SEX - 07:00:00-13:00:00;DNIT - DF;DNIT - BSB - DIGITALIZADOR;2473
01/02/2026;DIGITALIZADOR;SEG,TER,QUA,QUI,SEX - 13:00:00-19:00:00;DNIT - DF;DNIT - BSB - DIGITALIZADOR;2956
01/02/2026;DIGITALIZADOR;SEG,TER,QUA,QUI,SEX - 13:00:00-19:00:00;DNIT - DF;DNIT - BSB - DIGITALIZADOR;3317
01/02/2026;DIGITALIZADOR;SEG,TER,QUA,QUI,SEX - 13:00:00-19:00:00;DNIT - DF;DNIT - BSB - DIGITALIZADOR;2768
01/02/2026;SUPERVISOR;SEG,TER,QUA,QUI,SEX - 13:00:00-19:00:00;DNIT - DF;DNIT - BSB - SUPERVISOR;1154
01/02/2026;SUPERVISOR;SEG,TER,QUA,QUI,SEX - 13:00:00-19:00:00;DNIT - DF;DNIT - BSB - SUPERVISOR;3537
01/02/2026;PREPARADOR;SEG,TER,QUA,QUI,SEX - 13:00:00-19:00:00;DNIT - DF;DNIT - BSB - PREPARADOR;2578
01/02/2026;PREPARADOR;SEG,TER,QUA,QUI,SEX - 13:00:00-19:00:00;DNIT - DF;DNIT - BSB - PREPARADOR;1805
01/02/2026;PREPARADOR;SEG,TER,QUA,QUI,SEX - 13:00:00-19:00:00;DNIT - DF;DNIT - BSB - PREPARADOR;1822
01/02/2026;PREPARADOR;SEG,TER,QUA,QUI,SEX - 13:00:00-19:00:00;DNIT - DF;DNIT - BSB - PREPARADOR;3268
01/02/2026;PREPARADOR;SEG,TER,QUA,QUI,SEX - 07:00:00-13:00:00;DNIT - DF;DNIT - BSB - PREPARADOR;1804
01/02/2026;PREPARADOR;SEG,TER,QUA,QUI,SEX - 13:00:00-19:00:00;DNIT - DF;DNIT - BSB - PREPARADOR;1174
01/02/2026;PREPARADOR;SEG,TER,QUA,QUI,SEX - 13:00:00-19:00:00;DNIT - DF;DNIT - BSB - PREPARADOR;2966
01/02/2026;PREPARADOR;SEG,TER,QUA,QUI,SEX - 13:00:00-19:00:00;DNIT - DF;DNIT - BSB - PREPARADOR;1149
01/02/2026;PREPARADOR;SEG,TER,QUA,QUI,SEX - 07:00:00-13:00:00;DNIT - DF;DNIT - BSB - PREPARADOR;1147
01/02/2026;PREPARADOR;SEG,TER,QUA,QUI,SEX - 07:00:00-13:00:00;DNIT - DF;DNIT - BSB - PREPARADOR;1164
01/02/2026;PREPARADOR;SEG,TER,QUA,QUI,SEX - 07:00:00-13:00:00;DNIT - DF;DNIT - BSB - PREPARADOR;1175
01/02/2026;COORDENADOR;SEG,TER,QUA,QUI,SEX - 07:00:00-13:00:00;DNIT - DF;DNIT - BSB - COORDENADOR;1161
01/02/2026;COORDENADOR;SEG,TER,QUA,QUI,SEX - 13:00:00-19:00:00;DNIT - DF;DNIT - BSB - COORDENADOR;2478
01/02/2026;COORDENADOR;SEG,TER,QUA,QUI,SEX - 07:00:00-13:00:00;DNIT - DF;DNIT - BSB - COORDENADOR;2797
01/02/2026;ARQUIVISTA;SEG,TER,QUA,QUI,SEX - 13:00:00-19:00:00;DNIT - DF;DNIT - BSB - ARQUIVISTA;3024
01/02/2026;ARQUIVISTA;SEG,TER,QUA,QUI,SEX - 07:00:00-13:00:00;DNIT - DF;DNIT - BSB - ARQUIVISTA;3270
01/02/2026;INDEXADOR;SEG,TER,QUA,QUI,SEX - 07:00:00-13:00:00;DNIT - DF;DNIT - BSB - INDEXADOR;2848
01/02/2026;INDEXADOR;SEG,TER,QUA,QUI,SEX - 07:00:00-13:00:00;DNIT - DF;DNIT - BSB - INDEXADOR;1146
01/02/2026;INDEXADOR;SEG,TER,QUA,QUI,SEX - 13:00:00-19:00:00;DNIT - DF;DNIT - BSB - INDEXADOR;1176
01/02/2026;CLASSIFICADOR;SEG,TER,QUA,QUI,SEX - 08:00:00-14:00:00;DNIT - DF;DNIT - BSB - CLASSIFICADOR;3513
01/02/2026;CLASSIFICADOR;SEG,TER,QUA,QUI,SEX - 07:00:00-13:00:00;DNIT - DF;DNIT - BSB - CLASSIFICADOR;3795
01/02/2026;CLASSIFICADOR;SEG,TER,QUA,QUI,SEX - 07:00:00-13:00:00;DNIT - DF;DNIT - BSB - CLASSIFICADOR;2461
01/02/2026;CLASSIFICADOR;SEG,TER,QUA,QUI,SEX - 07:00:00-13:00:00;DNIT - DF;DNIT - BSB - CLASSIFICADOR;2955
01/02/2026;CLASSIFICADOR;SEG,TER,QUA,QUI,SEX - 07:00:00-13:00:00;DNIT - DF;DNIT - BSB - CLASSIFICADOR;2462
01/02/2026;CLASSIFICADOR;SEG,TER,QUA,QUI,SEX - 13:00:00-19:00:00;DNIT - DF;DNIT - BSB - CLASSIFICADOR;3616
01/02/2026;CLASSIFICADOR;SEG,TER,QUA,QUI,SEX - 07:00:00-13:00:00;DNIT - DF;DNIT - BSB - CLASSIFICADOR;2953
01/02/2026;CLASSIFICADOR;SEG,TER,QUA,QUI,SEX - 07:00:00-13:00:00;DNIT - DF;DNIT - BSB - CLASSIFICADOR;2944
01/02/2026;CLASSIFICADOR;SEG,TER,QUA,QUI,SEX - 13:00:00-19:00:00;DNIT - DF;DNIT - BSB - CLASSIFICADOR;2476
01/02/2026;CLASSIFICADOR;SEG,TER,QUA,QUI,SEX - 13:00:00-19:00:00;DNIT - DF;DNIT - BSB - CLASSIFICADOR;2938
01/02/2026;CLASSIFICADOR;SEG,TER,QUA,QUI,SEX - 13:00:00-19:00:00;DNIT - DF;DNIT - BSB - CLASSIFICADOR;3179
01/02/2026;CLASSIFICADOR;SEG,TER,QUA,QUI,SEX - 07:00:00-13:00:00;DNIT - DF;DNIT - BSB - CLASSIFICADOR;2477
01/02/2026;CLASSIFICADOR;SEG,TER,QUA,QUI,SEX - 07:00:00-13:00:00;DNIT - DF;DNIT - BSB - CLASSIFICADOR;2474
01/02/2026;CLASSIFICADOR;SEG,TER,QUA,QUI,SEX - 13:00:00-19:00:00;DNIT - DF;DNIT - BSB - CLASSIFICADOR;3306
01/02/2026;CLASSIFICADOR;SEG,TER,QUA,QUI,SEX - 07:00:00-13:00:00;DNIT - DF;DNIT - BSB - CLASSIFICADOR;3315
01/02/2026;DIGITALIZADOR;SEG,TER,QUA,QUI,SEX - 08:00:00-14:00:00;DNIT - GO;DNIT - GO - DIGITALIZADOR;3683
01/02/2026;DIGITALIZADOR;SEG,TER,QUA,QUI,SEX - 08:00:00-14:00:00;DNIT - GO;DNIT - GO - DIGITALIZADOR;3676
01/02/2026;SUPERVISOR;SEG,TER,QUA,QUI,SEX - 08:00:00-14:00:00;DNIT - GO;DNIT - GO - SUPERVISOR;3680
01/02/2026;PREPARADOR;SEG,TER,QUA,QUI,SEX - 08:00:00-14:00:00;DNIT - GO;DNIT - GO - PREPARADOR;3673
01/02/2026;PREPARADOR;SEG,TER,QUA,QUI,SEX - 08:00:00-14:00:00;DNIT - GO;DNIT - GO - PREPARADOR;3691
01/02/2026;ARQUIVISTA;SEG,TER,QUA,QUI,SEX - 08:00:00-14:00:00;DNIT - GO;DNIT - GO - ARQUIVISTA;3678
01/02/2026;CLASSIFICADOR;SEG,TER,QUA,QUI,SEX - 08:00:00-14:00:00;DNIT - GO;DNIT - GO - CLASSIFICADOR;3675
01/02/2026;CLASSIFICADOR;SEG,TER,QUA,QUI,SEX - 08:00:00-14:00:00;DNIT - GO;DNIT - GO - CLASSIFICADOR;3677
01/02/2026;CLASSIFICADOR;SEG,TER,QUA,QUI,SEX - 08:00:00-14:00:00;DNIT - GO;DNIT - GO - CLASSIFICADOR;3686
01/02/2026;CLASSIFICADOR;SEG,TER,QUA,QUI,SEX - 08:00:00-14:00:00;DNIT - GO;DNIT - GO - CLASSIFICADOR;3672
01/02/2026;CLASSIFICADOR;SEG,TER,QUA,QUI,SEX - 08:00:00-14:00:00;DNIT - GO;DNIT - GO - CLASSIFICADOR;3674
01/02/2026;CLASSIFICADOR;SEG,TER,QUA,QUI,SEX - 08:00:00-14:00:00;DNIT - GO;DNIT - GO - CLASSIFICADOR;3679
01/02/2026;CLASSIFICADOR;SEG,TER,QUA,QUI,SEX - 08:00:00-14:00:00;DNIT - GO;DNIT - GO - CLASSIFICADOR;3681
01/02/2026;CLASSIFICADOR;SEG,TER,QUA,QUI,SEX - 08:00:00-14:00:00;DNIT - GO;DNIT - GO - CLASSIFICADOR;3684
01/02/2026;CLASSIFICADOR;SEG,TER,QUA,QUI,SEX - 08:00:00-14:00:00;DNIT - GO;DNIT - GO - CLASSIFICADOR;3685
01/02/2026;PREPARADOR;SEG,TER,QUA,QUI,SEX - 08:00:00-14:15:00;DNIT - PA;DNIT - PA - PREPARADOR;3381
01/02/2026;DIGITALIZADOR;SEG,TER,QUA,QUI,SEX - 08:00:00-14:15:00;DNIT - PA;DNIT - PA - DIGITALIZADOR;3392
01/02/2026;DIGITALIZADOR;SEG,TER,QUA,QUI,SEX - 08:00:00-14:15:00;DNIT - PA;DNIT - PA - DIGITALIZADOR;3386
01/02/2026;COORDENADOR;SEG,TER,QUA,QUI,SEX - 08:00:00-14:15:00;DNIT - PA;DNIT - PA - COORDENADOR;3382
01/02/2026;SUPERVISOR;SEG,TER,QUA,QUI,SEX - 08:00:00-14:15:00;DNIT - PA;DNIT - PA - SUPERVISOR;3384
01/02/2026;CLASSIFICADOR;SEG,TER,QUA,QUI,SEX - 08:00:00-14:15:00;DNIT - PA;DNIT - PA - CLASSIFICADOR;3378
01/02/2026;CLASSIFICADOR;SEG,TER,QUA,QUI,SEX - 08:00:00-14:15:00;DNIT - PA;DNIT - PA - CLASSIFICADOR;3379
01/02/2026;CLASSIFICADOR;SEG,TER,QUA,QUI,SEX - 08:00:00-14:15:00;DNIT - PA;DNIT - PA - CLASSIFICADOR;3380
01/02/2026;CLASSIFICADOR;SEG,TER,QUA,QUI,SEX - 08:00:00-14:15:00;DNIT - PA;DNIT - PA - CLASSIFICADOR;3383
01/02/2026;DIGITALIZADOR;SEG,TER,QUA,QUI,SEX - 07:00:00-13:00:00;DNIT - SP;DNIT - SP - DIGITALIZADOR;3559
01/02/2026;DIGITALIZADOR;SEG,TER,QUA,QUI,SEX - 07:00:00-13:00:00;DNIT - SP;DNIT - SP - DIGITALIZADOR;3555
01/02/2026;COORDENADOR;SEG,TER,QUA,QUI,SEX - 07:00:00-13:00:00;DNIT - SP;DNIT - SP - COORDENADOR;3584
01/02/2026;INDEXADOR;SEG,TER,QUA,QUI,SEX - 07:00:00-13:00:00;DNIT - SP;DNIT - SP - INDEXADOR;1975
01/02/2026;INDEXADOR;SEG,TER,QUA,QUI,SEX - 07:00:00-13:00:00;DNIT - SP;DNIT - SP - INDEXADOR;1976
01/02/2026;CLASSIFICADOR;SEG,TER,QUA,QUI,SEX - 07:00:00-13:00:00;DNIT - SP;DNIT - SP - CLASSIFICADOR;3799
01/02/2026;ARQUIVISTA;SEG,TER,QUA,QUI,SEX - 08:00:00-14:15:00;INFRA;INFRA - DF - ARQUIVISTA;3576
01/02/2026;ARQUIVISTA;SEG,TER,QUA,QUI,SEX - 08:00:00-14:15:00;INFRA;INFRA - DF - ARQUIVISTA;3572
01/02/2026;CLASSIFICADOR;SEG,TER,QUA,QUI,SEX - 08:00:00-14:15:00;INFRA;INFRA - DF - CLASSIFICADOR;3577
01/02/2026;CLASSIFICADOR;SEG,TER,QUA,QUI,SEX - 08:00:00-14:15:00;INFRA;INFRA - DF - CLASSIFICADOR;3570
01/02/2026;CLASSIFICADOR;SEG,TER,QUA,QUI,SEX - 08:00:00-14:15:00;INFRA;INFRA - DF - CLASSIFICADOR;3571
01/02/2026;CLASSIFICADOR;SEG,TER,QUA,QUI,SEX - 08:00:00-14:15:00;INFRA;INFRA - DF - CLASSIFICADOR;3763
01/02/2026;CLASSIFICADOR;SEG,TER,QUA,QUI,SEX - 08:00:00-14:15:00;INFRA;INFRA - DF - CLASSIFICADOR;3580
01/02/2026;CLASSIFICADOR;SEG,TER,QUA,QUI,SEX - 08:00:00-14:15:00;INFRA;INFRA - DF - CLASSIFICADOR;3574
01/02/2026;CLASSIFICADOR;SEG,TER,QUA,QUI,SEX - 08:00:00-14:15:00;INFRA;INFRA - DF - CLASSIFICADOR;3575
01/02/2026;CLASSIFICADOR;SEG,TER,QUA,QUI,SEX - 08:00:00-14:15:00;INFRA;INFRA - DF - CLASSIFICADOR;3579
01/02/2026;CLASSIFICADOR;SEG,TER,QUA,QUI,SEX - 08:00:00-14:15:00;INFRA;INFRA - DF - CLASSIFICADOR;3669
01/02/2026;CLASSIFICADOR;SEG,TER,QUA,QUI,SEX - 08:00:00-14:15:00;INFRA;INFRA - DF - CLASSIFICADOR;3653
01/02/2026;PREPARADOR;SEG,TER,QUA,QUI,SEX - 07:00:00-13:00:00;MGISP;MGI - PREPARADOR;3049
01/02/2026;PREPARADOR;SEG,TER,QUA,QUI,SEX - 13:00:00-19:00:00;MGISP;MGI - PREPARADOR;3643
01/02/2026;PREPARADOR;SEG,TER,QUA,QUI,SEX - 13:00:00-19:00:00;MGISP;MGI - PREPARADOR;3586
01/02/2026;PREPARADOR;SEG,TER,QUA,QUI,SEX - 07:00:00-13:00:00;MGISP;MGI - PREPARADOR;3082
01/02/2026;PREPARADOR;SEG,TER,QUA,QUI,SEX - 13:00:00-19:00:00;MGISP;MGI - PREPARADOR;3095
01/02/2026;PREPARADOR;SEG,TER,QUA,QUI,SEX - 13:00:00-19:00:00;MGISP;MGI - PREPARADOR;3097
01/02/2026;PREPARADOR;SEG,TER,QUA,QUI,SEX - 07:00:00-13:00:00;MGISP;MGI - PREPARADOR;3101
01/02/2026;DIGITALIZADOR;SEG,TER,QUA,QUI,SEX - 07:00:00-13:00:00;MGISP;MGI - DIGITALIZADOR;3047
01/02/2026;DIGITALIZADOR;SEG,TER,QUA,QUI,SEX - 13:00:00-19:00:00;MGISP;MGI - DIGITALIZADOR;3050
01/02/2026;DIGITALIZADOR;SEG,TER,QUA,QUI,SEX - 13:00:00-19:00:00;MGISP;MGI - DIGITALIZADOR;3644
01/02/2026;DIGITALIZADOR;SEG,TER,QUA,QUI,SEX - 07:00:00-13:00:00;MGISP;MGI - DIGITALIZADOR;3069
01/02/2026;DIGITALIZADOR;SEG,TER,QUA,QUI,SEX - 13:00:00-19:00:00;MGISP;MGI - DIGITALIZADOR;3077
01/02/2026;DIGITALIZADOR;SEG,TER,QUA,QUI,SEX - 13:00:00-19:00:00;MGISP;MGI - DIGITALIZADOR;2937
01/02/2026;DIGITALIZADOR;SEG,TER,QUA,QUI,SEX - 13:00:00-19:00:00;MGISP;MGI - DIGITALIZADOR;3088
01/02/2026;DIGITALIZADOR;SEG,TER,QUA,QUI,SEX - 13:00:00-19:00:00;MGISP;MGI - DIGITALIZADOR;3645
01/02/2026;DIGITALIZADOR;SEG,TER,QUA,QUI,SEX - 07:00:00-13:00:00;MGISP;MGI - DIGITALIZADOR;3092
01/02/2026;DIGITALIZADOR;SEG,TER,QUA,QUI,SEX - 13:00:00-19:00:00;MGISP;MGI - DIGITALIZADOR;3094
01/02/2026;DIGITALIZADOR;SEG,TER,QUA,QUI,SEX - 13:00:00-19:00:00;MGISP;MGI - DIGITALIZADOR;3564
01/02/2026;DIGITALIZADOR;SEG,TER,QUA,QUI,SEX - 07:00:00-13:00:00;MGISP;MGI - DIGITALIZADOR;3100
01/02/2026;DIGITALIZADOR;SEG,TER,QUA,QUI,SEX - 08:00:00-14:00:00;MGISP;MGI - DIGITALIZADOR;3560
01/02/2026;DIGITALIZADOR;SEG,TER,QUA,QUI,SEX - 13:00:00-19:00:00;MGISP;MGI - DIGITALIZADOR;3792
01/02/2026;DIGITALIZADOR;SEG,TER,QUA,QUI,SEX - 07:00:00-13:00:00;MGISP;MGI - DIGITALIZADOR;3102
01/02/2026;SUPERVISOR;SEG,TER,QUA,QUI,SEX - 07:00:00-13:00:00;MGISP;MGI - SUPERVISOR;3732
01/02/2026;CONTROLE DE QUALIDADE;SEG,TER,QUA,QUI,SEX - 13:00:00-19:00:00;MGISP;MGI - CONTROLE DE QUALIDADE;3852
01/02/2026;CONTROLE DE QUALIDADE;SEG,TER,QUA,QUI,SEX - 07:00:00-13:00:00;MGISP;MGI - CONTROLE DE QUALIDADE;3059
01/02/2026;CONTROLE DE QUALIDADE;SEG,TER,QUA,QUI,SEX - 13:00:00-19:00:00;MGISP;MGI - CONTROLE DE QUALIDADE;3063
01/02/2026;CONTROLE DE QUALIDADE;SEG,TER,QUA,QUI,SEX - 13:00:00-19:00:00;MGISP;MGI - CONTROLE DE QUALIDADE;3073
01/02/2026;CONTROLE DE QUALIDADE;SEG,TER,QUA,QUI,SEX - 07:00:00-13:00:00;MGISP;MGI - CONTROLE DE QUALIDADE;3083
01/02/2026;COORDENADOR;SEG,TER,QUA,QUI,SEX - 13:00:00-19:00:00;MGISP;MGI - COORDENADOR;3072
01/02/2026;COORDENADOR;SEG,TER,QUA,QUI,SEX - 13:00:00-19:00:00;MGISP;MGI - COORDENADOR;3087
01/02/2026;INDEXADOR;SEG,TER,QUA,QUI,SEX - 13:00:00-19:00:00;MGISP;MGI - INDEXADOR;3599
01/02/2026;CLASSIFICADOR;SEG,TER,QUA,QUI,SEX - 07:00:00-13:00:00;MGISP;MGI - CLASSIFICADOR;3046
01/02/2026;CLASSIFICADOR;SEG,TER,QUA,QUI,SEX - 13:00:00-19:00:00;MGISP;MGI - CLASSIFICADOR;3048
01/02/2026;CLASSIFICADOR;SEG,TER,QUA,QUI,SEX - 07:00:00-13:00:00;MGISP;MGI - CLASSIFICADOR;3056
01/02/2026;CLASSIFICADOR;SEG,TER,QUA,QUI,SEX - 07:00:00-13:00:00;MGISP;MGI - CLASSIFICADOR;3058
01/02/2026;CLASSIFICADOR;SEG,TER,QUA,QUI,SEX - 13:00:00-19:00:00;MGISP;MGI - CLASSIFICADOR;3070
01/02/2026;CLASSIFICADOR;SEG,TER,QUA,QUI,SEX - 13:00:00-19:00:00;MGISP;MGI - CLASSIFICADOR;3115
01/02/2026;CLASSIFICADOR;SEG,TER,QUA,QUI,SEX - 07:00:00-13:00:00;MGISP;MGI - CLASSIFICADOR;3081
01/02/2026;CLASSIFICADOR;SEG,TER,QUA,QUI,SEX - 07:00:00-13:00:00;MGISP;MGI - CLASSIFICADOR;3447
01/02/2026;CLASSIFICADOR;SEG,TER,QUA,QUI,SEX - 13:00:00-19:00:00;MGISP;MGI - CLASSIFICADOR;3554
01/02/2026;CLASSIFICADOR;SEG,TER,QUA,QUI,SEX - 13:00:00-19:00:00;MGISP;MGI - CLASSIFICADOR;3197
01/02/2026;CLASSIFICADOR;SEG,TER,QUA,QUI,SEX - 07:00:00-13:00:00;MGISP;MGI - CLASSIFICADOR;3107
01/02/2026;CLASSIFICADOR;SEG,TER,QUA,QUI,SEX - 13:00:00-19:00:00;MGISP;MGI - CLASSIFICADOR;3098
01/02/2026;CLASSIFICADOR;SEG,TER,QUA,QUI,SEX - 13:00:00-19:00:00;MGISP;MGI - CLASSIFICADOR;3872
01/02/2026;PREPARADOR;SEG,TER,QUA,QUI,SEX - 07:00:00-13:00:00;MUNICIPIO DE VOLTA REDONDA;MUNICIPIO DE VOLTA REDONDA - PREPARADOR;2807
01/02/2026;PREPARADOR;SEG,TER,QUA,QUI,SEX - 07:00:00-13:00:00;MUNICIPIO DE VOLTA REDONDA;MUNICIPIO DE VOLTA REDONDA - PREPARADOR;2819
01/02/2026;PREPARADOR;SEG,TER,QUA,QUI,SEX - 13:00:00-19:00:00;MUNICIPIO DE VOLTA REDONDA;MUNICIPIO DE VOLTA REDONDA - PREPARADOR;2813
01/02/2026;PREPARADOR;SEG,TER,QUA,QUI,SEX - 13:00:00-19:00:00;MUNICIPIO DE VOLTA REDONDA;MUNICIPIO DE VOLTA REDONDA - PREPARADOR;2805
01/02/2026;PREPARADOR;SEG,TER,QUA,QUI,SEX - 07:00:00-13:00:00;MUNICIPIO DE VOLTA REDONDA;MUNICIPIO DE VOLTA REDONDA - PREPARADOR;2808
01/02/2026;PREPARADOR;SEG,TER,QUA,QUI,SEX - 07:00:00-13:00:00;MUNICIPIO DE VOLTA REDONDA;MUNICIPIO DE VOLTA REDONDA - PREPARADOR;2816
01/02/2026;PREPARADOR;SEG,TER,QUA,QUI,SEX - 07:00:00-13:00:00;MUNICIPIO DE VOLTA REDONDA;MUNICIPIO DE VOLTA REDONDA - PREPARADOR;3013
01/02/2026;PREPARADOR;SEG,TER,QUA,QUI,SEX - 07:00:00-13:00:00;MUNICIPIO DE VOLTA REDONDA;MUNICIPIO DE VOLTA REDONDA - PREPARADOR;2811
01/02/2026;PREPARADOR;SEG,TER,QUA,QUI,SEX - 07:00:00-13:00:00;MUNICIPIO DE VOLTA REDONDA;MUNICIPIO DE VOLTA REDONDA - PREPARADOR;2806
01/02/2026;PREPARADOR;SEG,TER,QUA,QUI,SEX - 07:00:00-13:00:00;MUNICIPIO DE VOLTA REDONDA;MUNICIPIO DE VOLTA REDONDA - PREPARADOR;2823
01/02/2026;PREPARADOR;SEG,TER,QUA,QUI,SEX - 07:00:00-13:00:00;MUNICIPIO DE VOLTA REDONDA;MUNICIPIO DE VOLTA REDONDA - PREPARADOR;2862
01/02/2026;SUPERVISOR;SEG,TER,QUA,QUI,SEX - 07:00:00-13:00:00;MUNICIPIO DE VOLTA REDONDA;MUNICIPIO DE VOLTA REDONDA - SUPERVISOR;2822
01/02/2026;SUPERVISOR;SEG,TER,QUA,QUI,SEX - 07:00:00-13:00:00;MUNICIPIO DE VOLTA REDONDA;MUNICIPIO DE VOLTA REDONDA - SUPERVISOR;2809
01/02/2026;COORDENADOR;SEG,TER,QUA,QUI,SEX - 07:00:00-13:00:00;MUNICIPIO DE VOLTA REDONDA;MUNICIPIO DE VOLTA REDONDA - COORDENADOR;2821
01/02/2026;GERENTE;SEG-TER-QUA-QUI-SEX (08:00 ÁS18:00);MUNICIPIO DE VOLTA REDONDA;MUNICIPIO DE VOLTA REDONDA - GERENTE;2815
01/02/2026;DIGITALIZADOR;SEG,TER,QUA,QUI,SEX - 07:00:00-13:00:00;MUNICIPIO DE VOLTA REDONDA;MUNICIPIO DE VOLTA REDONDA - DIGITALIZADOR;2864
01/02/2026;DIGITALIZADOR;SEG,TER,QUA,QUI,SEX - 07:00:00-13:00:00;MUNICIPIO DE VOLTA REDONDA;MUNICIPIO DE VOLTA REDONDA - DIGITALIZADOR;2824
01/02/2026;DIGITALIZADOR;SEG,TER,QUA,QUI,SEX - 13:00:00-19:00:00;MUNICIPIO DE VOLTA REDONDA;MUNICIPIO DE VOLTA REDONDA - DIGITALIZADOR;2801
01/02/2026;DIGITALIZADOR;SEG,TER,QUA,QUI,SEX - 13:00:00-19:00:00;MUNICIPIO DE VOLTA REDONDA;MUNICIPIO DE VOLTA REDONDA - DIGITALIZADOR;2817
01/02/2026;DIGITALIZADOR;SEG,TER,QUA,QUI,SEX - 07:00:00-13:00:00;MUNICIPIO DE VOLTA REDONDA;MUNICIPIO DE VOLTA REDONDA - DIGITALIZADOR;2826
01/02/2026;DIGITALIZADOR;SEG,TER,QUA,QUI,SEX - 07:00:00-13:00:00;MUNICIPIO DE VOLTA REDONDA;MUNICIPIO DE VOLTA REDONDA - DIGITALIZADOR;2800
01/02/2026;DIGITALIZADOR;SEG,TER,QUA,QUI,SEX - 07:00:00-13:00:00;MUNICIPIO DE VOLTA REDONDA;MUNICIPIO DE VOLTA REDONDA - DIGITALIZADOR;2827
01/02/2026;DIGITALIZADOR;SEG,TER,QUA,QUI,SEX - 07:00:00-13:00:00;MUNICIPIO DE VOLTA REDONDA;MUNICIPIO DE VOLTA REDONDA - DIGITALIZADOR;2831
01/02/2026;DIGITALIZADOR;SEG,TER,QUA,QUI,SEX - 07:00:00-13:00:00;MUNICIPIO DE VOLTA REDONDA;MUNICIPIO DE VOLTA REDONDA - DIGITALIZADOR;2828
01/02/2026;DIGITALIZADOR;SEG,TER,QUA,QUI,SEX - 07:00:00-13:00:00;MUNICIPIO DE VOLTA REDONDA;MUNICIPIO DE VOLTA REDONDA - DIGITALIZADOR;2829
01/02/2026;DIGITALIZADOR;SEG,TER,QUA,QUI,SEX - 07:00:00-13:00:00;MUNICIPIO DE VOLTA REDONDA;MUNICIPIO DE VOLTA REDONDA - DIGITALIZADOR;2825
01/02/2026;DIGITALIZADOR;SEG,TER,QUA,QUI,SEX - 07:00:00-13:00:00;MUNICIPIO DE VOLTA REDONDA;MUNICIPIO DE VOLTA REDONDA - DIGITALIZADOR;2812
01/02/2026;DIGITALIZADOR;SEG,TER,QUA,QUI,SEX - 13:00:00-19:00:00;MUNICIPIO DE VOLTA REDONDA;MUNICIPIO DE VOLTA REDONDA - DIGITALIZADOR;2820
01/02/2026;DIGITALIZADOR;SEG,TER,QUA,QUI,SEX - 13:00:00-19:00:00;MUNICIPIO DE VOLTA REDONDA;MUNICIPIO DE VOLTA REDONDA - DIGITALIZADOR;2810
01/02/2026;DIGITALIZADOR;SEG,TER,QUA,QUI,SEX - 07:00:00-13:00:00;MUNICIPIO DE VOLTA REDONDA;MUNICIPIO DE VOLTA REDONDA - DIGITALIZADOR;2804
01/02/2026;DIGITALIZADOR;SEG,TER,QUA,QUI,SEX - 07:00:00-13:00:00;MUNICIPIO DE VOLTA REDONDA;MUNICIPIO DE VOLTA REDONDA - DIGITALIZADOR;2802
01/02/2026;PREPARADOR;SEG,TER,QUA,QUI,SEX - 08:45:00-15:15:00;SGGD - SP;SGGD-SP -  63/2025 - PREPARADOR;3801
01/02/2026;PREPARADOR;SEG,TER,QUA,QUI,SEX - 08:45:00-15:15:00;SGGD - SP;SGGD-SP -  63/2025 - PREPARADOR;3803
01/02/2026;PREPARADOR;SEG,TER,QUA,QUI,SEX - 08:45:00-15:15:00;SGGD - SP;SGGD-SP -  63/2025 - PREPARADOR;3807
01/02/2026;PREPARADOR;SEG,TER,QUA,QUI,SEX - 08:45:00-15:15:00;SGGD - SP;SGGD-SP -  63/2025 - PREPARADOR;3841
01/02/2026;PREPARADOR;SEG,TER,QUA,QUI,SEX - 08:45:00-15:15:00;SGGD - SP;SGGD-SP -  63/2025 - PREPARADOR;3809
01/02/2026;PREPARADOR;SEG,TER,QUA,QUI,SEX - 08:45:00-15:15:00;SGGD - SP;SGGD-SP -  63/2025 - PREPARADOR;3813
01/02/2026;PREPARADOR;SEG,TER,QUA,QUI,SEX - 08:45:00-15:15:00;SGGD - SP;SGGD-SP -  63/2025 - PREPARADOR;3814
01/02/2026;PREPARADOR;SEG,TER,QUA,QUI,SEX - 08:45:00-15:15:00;SGGD - SP;SGGD-SP -  63/2025 - PREPARADOR;3817
01/02/2026;PREPARADOR;SEG,TER,QUA,QUI,SEX - 08:45:00-15:15:00;SGGD - SP;SGGD-SP -  63/2025 - PREPARADOR;3821
01/02/2026;PREPARADOR;SEG,TER,QUA,QUI,SEX - 08:45:00-15:15:00;SGGD - SP;SGGD-SP -  63/2025 - PREPARADOR;3860
01/02/2026;PREPARADOR;SEG,TER,QUA,QUI,SEX - 08:45:00-15:15:00;SGGD - SP;SGGD-SP -  63/2025 - PREPARADOR;3837
01/02/2026;PREPARADOR;SEG,TER,QUA,QUI,SEX - 08:45:00-15:15:00;SGGD - SP;SGGD-SP -  63/2025 - PREPARADOR;3833
01/02/2026;DIGITALIZADOR;SEG,TER,QUA,QUI,SEX - 08:45:00-15:15:00;SGGD - SP;SGGD-SP -  63/2025 - DIGITALIZADOR;3802
01/02/2026;DIGITALIZADOR;SEG,TER,QUA,QUI,SEX - 08:45:00-15:15:00;SGGD - SP;SGGD-SP -  63/2025 - DIGITALIZADOR;3800
01/02/2026;DIGITALIZADOR;SEG,TER,QUA,QUI,SEX - 08:45:00-15:15:00;SGGD - SP;SGGD-SP -  63/2025 - DIGITALIZADOR;3808
01/02/2026;DIGITALIZADOR;SEG,TER,QUA,QUI,SEX - 08:45:00-15:15:00;SGGD - SP;SGGD-SP -  63/2025 - DIGITALIZADOR;3818
01/02/2026;DIGITALIZADOR;SEG,TER,QUA,QUI,SEX - 08:45:00-15:15:00;SGGD - SP;SGGD-SP -  63/2025 - DIGITALIZADOR;3810
01/02/2026;DIGITALIZADOR;SEG,TER,QUA,QUI,SEX - 09:00:00-15:15:00;SGGD - SP;SGGD-SP -  63/2025 - DIGITALIZADOR;3907
01/02/2026;DIGITALIZADOR;SEG,TER,QUA,QUI,SEX - 08:45:00-15:15:00;SGGD - SP;SGGD-SP -  63/2025 - DIGITALIZADOR;3823
01/02/2026;DIGITALIZADOR;SEG,TER,QUA,QUI,SEX - 08:45:00-15:15:00;SGGD - SP;SGGD-SP -  63/2025 - DIGITALIZADOR;3835
01/02/2026;SUPERVISOR;SEG,TER,QUA,QUI,SEX - 08:45:00-15:15:00;SGGD - SP;SGGD-SP -  63/2025 - SUPERVISOR;3840
01/02/2026;ARQUIVISTA;SEG,TER,QUA,QUI,SEX - 08:45:00-15:15:00;SGGD - SP;SGGD-SP -  63/2025 - ARQUIVISTA;3812
01/02/2026;INDEXADOR;SEG,TER,QUA,QUI,SEX - 08:45:00-15:15:00;SGGD - SP;SGGD-SP -  63/2025 - INDEXADOR;3816
01/02/2026;SUPERVISOR;SEG,TER,QUA,QUI,SEX - 08:45:00-15:15:00;SGGD - SP;SGGD-SP -  63/2025 - SUPERVISOR;3842
01/02/2026;CLASSIFICADOR;SEG,TER,QUA,QUI,SEX - 08:45:00-15:15:00;SGGD - SP;SGGD-SP -  63/2025 - CLASSIFICADOR;3856
01/02/2026;CLASSIFICADOR;SEG,TER,QUA,QUI,SEX - 08:45:00-15:15:00;SGGD - SP;SGGD-SP -  63/2025 - CLASSIFICADOR;3819
01/02/2026;CLASSIFICADOR;SEG,TER,QUA,QUI,SEX - 08:45:00-15:15:00;SGGD - SP;SGGD-SP -  63/2025 - CLASSIFICADOR;3828
01/02/2026;CLASSIFICADOR;SEG,TER,QUA,QUI,SEX - 08:45:00-15:15:00;SGGD - SP;SGGD-SP -  63/2025 - CLASSIFICADOR;3830
01/02/2026;MOVIMENTADOR DE ACERVO;SEG,TER,QUA,QUI,SEX - 08:45:00-15:15:00;SGGD - SP;SGGD-SP -  63/2025 - MOVIMENTADOR DE ACERVO;3805
01/02/2026;MOVIMENTADOR DE ACERVO;SEG,TER,QUA,QUI,SEX - 08:45:00-15:15:00;SGGD - SP;SGGD-SP -  63/2025 - MOVIMENTADOR DE ACERVO;3811
01/02/2026;MOVIMENTADOR DE ACERVO;SEG,TER,QUA,QUI,SEX - 08:45:00-15:15:00;SGGD - SP;SGGD-SP -  63/2025 - MOVIMENTADOR DE ACERVO;3825
01/02/2026;INVENTÁRIO;SEG,TER,QUA,QUI,SEX - 08:45:00-15:15:00;SGGD - SP;SGGD-SP - 63/2025 - INVENTÁRIO;3822
01/02/2026;INVENTÁRIO;SEG,TER,QUA,QUI,SEX - 08:45:00-15:15:00;SGGD - SP;SGGD-SP - 63/2025 - INVENTÁRIO;3834
01/02/2026;INVENTÁRIO;SEG,TER,QUA,QUI,SEX - 08:45:00-15:15:00;SGGD - SP;SGGD-SP - 63/2025 - INVENTÁRIO;3836
01/02/2026;INVENTÁRIO;SEG,TER,QUA,QUI,SEX - 08:45:00-15:15:00;SGGD - SP;SGGD-SP - 63/2025 - INVENTÁRIO;3839
01/02/2026;CONSERVADOR-RESTAURADOR;SEG,TER,QUA,QUI,SEX - 09:00:00-15:15:00;SGGD - SP;SGGD-SP -  63/2025 - CONSERVADOR-RESTAURADOR;3862
01/02/2026;ATENDENTE - OPERACIONAL I;SEG,TER,QUA,QUI,SEX - 09:00:00-15:15:00;STF - DF;SUPREMO TRIBUNAL FEDERAL - STF - ATENDENTE - OPERACIONAL I;3481
01/02/2026;ATENDENTE - OPERACIONAL I;SEG,TER,QUA,QUI,SEX - 12:45:00-19:00:00;STF - DF;SUPREMO TRIBUNAL FEDERAL - STF - ATENDENTE - OPERACIONAL I;3195
01/02/2026;ATENDENTE - OPERACIONAL I;SEG,TER,QUA,QUI,SEX - 09:00:00-15:15:00;STF - DF;SUPREMO TRIBUNAL FEDERAL - STF - ATENDENTE - OPERACIONAL I;3610
01/02/2026;ATENDENTE - OPERACIONAL II;SEG,TER,QUA,QUI,SEX - 11:45:00-20:00:00;STF - DF;SUPREMO TRIBUNAL FEDERAL - STF - ATENDENTE - OPERACIONAL II;3160
01/02/2026;CLASSIFICADOR - OPERACIONAL II;SEG,TER,QUA,QUI,SEX - 08:00:00-14:15:00;STF - DF;SUPREMO TRIBUNAL FEDERAL - STF - CLASSIFICADOR  - OPERACIONAL II;3760
01/02/2026;CLASSIFICADOR - OPERACIONAL II;SEG,TER,QUA,QUI,SEX - 10:48:00-19:00:00;STF - DF;SUPREMO TRIBUNAL FEDERAL - STF - CLASSIFICADOR  - OPERACIONAL II;3556
01/02/2026;CLASSIFICADOR - OPERACIONAL II;SEG,TER,QUA,QUI,SEX - 08:00:00-14:15:00;STF - DF;SUPREMO TRIBUNAL FEDERAL - STF - CLASSIFICADOR  - OPERACIONAL II;3762
01/02/2026;COORDENADOR I;SEG,TER,QUA,QUI,SEX - 13:00:00-18:15:00;STF - DF;SUPREMO TRIBUNAL FEDERAL - STF - COORDENADOR I;3187
01/02/2026;COORDENADOR I;SEG,TER,QUA,QUI,SEX - 13:00:00-18:15:00;STF - DF;SUPREMO TRIBUNAL FEDERAL - STF - COORDENADOR I;3638
01/02/2026;COORDENADOR I;SEG,TER,QUA,QUI,SEX - 11:30:00-17:45:00;STF - DF;SUPREMO TRIBUNAL FEDERAL - STF - COORDENADOR I;3385
01/02/2026;COORDENADOR I;SEG,TER,QUA,QUI,SEX - 13:00:00-19:00:00;STF - DF;SUPREMO TRIBUNAL FEDERAL - STF - COORDENADOR I;3543
01/02/2026;COORDENADOR I;SEG,TER,QUA,QUI,SEX - 11:00:00-17:30:00;STF - DF;SUPREMO TRIBUNAL FEDERAL - STF - COORDENADOR I;3346
01/02/2026;COORDENADOR I;SEG,TER,QUA,QUI,SEX - 10:48:00-19:00:00;STF - DF;SUPREMO TRIBUNAL FEDERAL - STF - COORDENADOR I;3133
01/02/2026;COORDENADOR I;SEG,TER,QUA,QUI,SEX - 12:00:00-18:15:00;STF - DF;SUPREMO TRIBUNAL FEDERAL - STF - COORDENADOR I;3132
01/02/2026;COORDENADOR I;SEG,TER,QUA,QUI,SEX - 13:00:00-19:00:00;STF - DF;SUPREMO TRIBUNAL FEDERAL - STF - COORDENADOR I;3264
01/02/2026;COORDENADOR I;SEG,TER,QUA,QUI,SEX - 12:00:00-18:15:00;STF - DF;SUPREMO TRIBUNAL FEDERAL - STF - COORDENADOR I;3134
01/02/2026;COORDENADOR I;SEG,TER,QUA,QUI,SEX - 11:45:00-20:00:00;STF - DF;SUPREMO TRIBUNAL FEDERAL - STF - COORDENADOR I;3161
01/02/2026;COORDENADOR I;SEG,TER,QUA,QUI,SEX - 12:00:00-18:15:00;STF - DF;SUPREMO TRIBUNAL FEDERAL - STF - COORDENADOR I;3345
01/02/2026;COORDENADOR I;SEG,TER,QUA,QUI,SEX - 13:00:00-19:00:00;STF - DF;SUPREMO TRIBUNAL FEDERAL - STF - COORDENADOR I;3451
01/02/2026;COORDENADOR II;SEG,TER,QUA,QUI,SEX - 11:30:00-17:45:00;STF - DF;SUPREMO TRIBUNAL FEDERAL - STF - COORDENADOR II;3155
01/02/2026;DIGITALIZADOR - OPERACIONAL II;SEG,TER,QUA,QUI,SEX - 12:00:00-18:15:00;STF - DF;SUPREMO TRIBUNAL FEDERAL - STF - DIGITALIZADOR - OPERACIONAL II;3136
01/02/2026;DIGITALIZADOR - OPERACIONAL II;SEG,TER,QUA,QUI,SEX - 12:00:00-18:15:00;STF - DF;SUPREMO TRIBUNAL FEDERAL - STF - DIGITALIZADOR - OPERACIONAL II;3138
01/02/2026;DIGITALIZADOR - OPERACIONAL II;SEG,TER,QUA,QUI,SEX - 12:00:00-18:15:00;STF - DF;SUPREMO TRIBUNAL FEDERAL - STF - DIGITALIZADOR - OPERACIONAL II;3139
01/02/2026;DIGITALIZADOR - OPERACIONAL II;SEG,TER,QUA,QUI,SEX - 12:00:00-18:15:00;STF - DF;SUPREMO TRIBUNAL FEDERAL - STF - DIGITALIZADOR - OPERACIONAL II;3140
01/02/2026;DIGITALIZADOR - OPERACIONAL II;SEG,TER,QUA,QUI,SEX - 12:00:00-18:15:00;STF - DF;SUPREMO TRIBUNAL FEDERAL - STF - DIGITALIZADOR - OPERACIONAL II;3141
01/02/2026;DIGITALIZADOR - OPERACIONAL II;SEG,TER,QUA,QUI,SEX - 13:00:00-19:00:00;STF - DF;SUPREMO TRIBUNAL FEDERAL - STF - DIGITALIZADOR - OPERACIONAL II;3512
01/02/2026;DIGITALIZADOR - OPERACIONAL II;SEG,TER,QUA,QUI,SEX - 12:00:00-18:15:00;STF - DF;SUPREMO TRIBUNAL FEDERAL - STF - DIGITALIZADOR - OPERACIONAL II;3143
01/02/2026;DIGITALIZADOR - OPERACIONAL II;SEG,TER,QUA,QUI,SEX - 13:00:00-19:00:00;STF - DF;SUPREMO TRIBUNAL FEDERAL - STF - DIGITALIZADOR - OPERACIONAL II;3478
01/02/2026;DIGITALIZADOR - OPERACIONAL II;SEG,TER,QUA,QUI,SEX - 12:00:00-18:15:00;STF - DF;SUPREMO TRIBUNAL FEDERAL - STF - DIGITALIZADOR - OPERACIONAL II;3146
01/02/2026;PREPARADOR - OPERACIONAL II;SEG,TER,QUA,QUI,SEX - 12:00:00-18:15:00;STF - DF;SUPREMO TRIBUNAL FEDERAL - STF - PREPARADOR - OPERACIONAL II;2962
01/02/2026;SUPERVISOR I;SEG,TER,QUA,QUI,SEX - 13:45:00-20:00:00;STF - DF;SUPREMO TRIBUNAL FEDERAL - STF - SUPERVISOR I;3164
01/02/2026;SUPERVISOR I;SEG,TER,QUA,QUI,SEX - 13:45:00-20:00:00;STF - DF;SUPREMO TRIBUNAL FEDERAL - STF - SUPERVISOR I;2486
01/02/2026;SUPERVISOR I;SEG,TER,QUA,QUI,SEX - 11:45:00-18:00:00;STF - DF;SUPREMO TRIBUNAL FEDERAL - STF - SUPERVISOR I;3153
01/02/2026;SUPERVISOR I;SEG,TER,QUA,QUI,SEX - 13:00:00-19:00:00;STF - DF;SUPREMO TRIBUNAL FEDERAL - STF - SUPERVISOR I;3757
01/02/2026;SUPERVISOR I;SEG,TER,QUA,QUI,SEX - 07:00:00-13:00:00;STF - DF;SUPREMO TRIBUNAL FEDERAL - STF - SUPERVISOR I;3148
01/02/2026;SUPERVISOR I;SEG,TER,QUA,QUI,SEX - 08:00:00-14:15:00;STF - DF;SUPREMO TRIBUNAL FEDERAL - STF - SUPERVISOR I;3151
01/02/2026;SUPERVISOR I;SEG,TER,QUA,QUI,SEX - 12:00:00-18:15:00;STF - DF;SUPREMO TRIBUNAL FEDERAL - STF - SUPERVISOR I;3693
01/02/2026;SUPERVISOR II;SEG,TER,QUA,QUI,SEX - 12:00:00-18:15:00;STF - DF;SUPREMO TRIBUNAL FEDERAL - STF - SUPERVISOR II;3163
01/02/2026;SUPERVISOR II;SEG,TER,QUA,QUI,SEX - 08:00:00-14:15:00;STF - DF;SUPREMO TRIBUNAL FEDERAL - STF - SUPERVISOR II;3761
01/02/2026;DIGITALIZADOR;SEG,TER,QUA,QUI,SEX - 07:00:00-13:00:00;TCM - PA;TCM - PA - DIGITALIZADOR;2393
01/02/2026;DIGITALIZADOR;SEG,TER,QUA,QUI,SEX - 07:00:00-13:00:00;TCM - PA;TCM - PA - DIGITALIZADOR;2832
01/02/2026;DIGITALIZADOR;SEG,TER,QUA,QUI,SEX - 07:00:00-13:00:00;TCM - PA;TCM - PA - DIGITALIZADOR;2118
01/02/2026;DIGITALIZADOR;SEG,TER,QUA,QUI,SEX - 07:00:00-13:00:00;TCM - PA;TCM - PA - DIGITALIZADOR;2093
01/02/2026;DIGITALIZADOR;SEG,TER,QUA,QUI,SEX - 07:00:00-13:00:00;TCM - PA;TCM - PA - DIGITALIZADOR;3482
01/02/2026;DIGITALIZADOR;SEG,TER,QUA,QUI,SEX - 07:00:00-13:00:00;TCM - PA;TCM - PA - DIGITALIZADOR;2557
01/02/2026;DIGITALIZADOR;SEG,TER,QUA,QUI,SEX - 07:00:00-13:00:00;TCM - PA;TCM - PA - DIGITALIZADOR;2903
01/02/2026;SUPERVISOR;SEG,TER,QUA,QUI,SEX - 07:00:00-13:00:00;TCM - PA;TCM - PA - SUPERVISOR INTERPRETE;2091
01/02/2026;PREPARADOR;SEG,TER,QUA,QUI,SEX - 07:00:00-13:00:00;TCM - PA;TCM - PA - PREPARADOR;2834
01/02/2026;PREPARADOR;SEG,TER,QUA,QUI,SEX - 07:00:00-13:00:00;TCM - PA;TCM - PA - PREPARADOR;2901
01/02/2026;PREPARADOR;SEG,TER,QUA,QUI,SEX - 07:00:00-13:00:00;TCM - PA;TCM - PA - PREPARADOR;2092
01/02/2026;PREPARADOR;SEG,TER,QUA,QUI,SEX - 07:00:00-13:00:00;TCM - PA;TCM - PA - PREPARADOR;2097
01/02/2026;INDEXADOR;SEG,TER,QUA,QUI,SEX - 07:00:00-13:00:00;TCM - PA;TCM - PA - INDEXADOR;2445
01/02/2026;COORDENADOR ARQUIVISTA;SEG,TER,QUA,QUI,SEX - 07:00:00-13:00:00;TCM - PA;TCM - PA - SUPERVISOR INTERPRETE;2094
01/02/2026;DIGITALIZADOR;SEG,TER,QUA,QUI,SEX - 13:00:00-19:00:00;TJDFT;TJDFT - DIGITALIZADOR;165
01/02/2026;DIGITALIZADOR;SEG,TER,QUA,QUI,SEX - 07:00:00-13:00:00;TJDFT;TJDFT - DIGITALIZADOR;680
01/02/2026;DIGITALIZADOR;SEG,TER,QUA,QUI,SEX - 13:00:00-19:00:00;TJDFT;TJDFT - DIGITALIZADOR;3331
01/02/2026;DIGITALIZADOR;SEG,TER,QUA,QUI,SEX - 13:00:00-19:00:00;TJDFT;TJDFT - DIGITALIZADOR;410
01/02/2026;DIGITALIZADOR;SEG,TER,QUA,QUI,SEX - 13:00:00-19:00:00;TJDFT;TJDFT - DIGITALIZADOR;414
01/02/2026;DIGITALIZADOR;SEG,TER,QUA,QUI,SEX - 13:00:00-19:00:00;TJDFT;TJDFT - DIGITALIZADOR;555
01/02/2026;DIGITALIZADOR;SEG,TER,QUA,QUI,SEX - 13:00:00-19:00:00;TJDFT;TJDFT - DIGITALIZADOR;433
01/02/2026;DIGITALIZADOR;SEG,TER,QUA,QUI,SEX - 13:00:00-19:00:00;TJDFT;TJDFT - DIGITALIZADOR;1026
01/02/2026;DIGITALIZADOR;SEG,TER,QUA,QUI,SEX - 13:00:00-19:00:00;TJDFT;TJDFT - DIGITALIZADOR;3402
01/02/2026;DIGITALIZADOR;SEG,TER,QUA,QUI,SEX - 13:00:00-19:00:00;TJDFT;TJDFT - DIGITALIZADOR;415
01/02/2026;DIGITALIZADOR;SEG,TER,QUA,QUI,SEX - 07:00:00-13:00:00;TJDFT;TJDFT - DIGITALIZADOR;485
01/02/2026;DIGITALIZADOR;SEG,TER,QUA,QUI,SEX - 07:00:00-13:00:00;TJDFT;TJDFT - DIGITALIZADOR;108
01/02/2026;DIGITALIZADOR;SEG,TER,QUA,QUI,SEX - 13:00:00-19:00:00;TJDFT;TJDFT - DIGITALIZADOR;436
01/02/2026;DIGITALIZADOR;SEG,TER,QUA,QUI,SEX - 07:00:00-13:00:00;TJDFT;TJDFT - DIGITALIZADOR;439
01/02/2026;DIGITALIZADOR;SEG,TER,QUA,QUI,SEX - 13:00:00-19:00:00;TJDFT;TJDFT - DIGITALIZADOR;500
01/02/2026;DIGITALIZADOR;SEG,TER,QUA,QUI,SEX - 13:00:00-19:00:00;TJDFT;TJDFT - DIGITALIZADOR;497
01/02/2026;DIGITALIZADOR;SEG,TER,QUA,QUI,SEX - 07:00:00-13:00:00;TJDFT;TJDFT - DIGITALIZADOR;2795
01/02/2026;DIGITALIZADOR;SEG,TER,QUA,QUI,SEX - 07:00:00-13:00:00;TJDFT;TJDFT - DIGITALIZADOR;479
01/02/2026;DIGITALIZADOR;SEG,TER,QUA,QUI,SEX - 13:00:00-19:00:00;TJDFT;TJDFT - DIGITALIZADOR;372
01/02/2026;DIGITALIZADOR;SEG,TER,QUA,QUI,SEX - 13:00:00-19:00:00;TJDFT;TJDFT - DIGITALIZADOR;420
01/02/2026;DIGITALIZADOR;SEG,TER,QUA,QUI,SEX - 13:00:00-19:00:00;TJDFT;TJDFT - DIGITALIZADOR;461
01/02/2026;DIGITALIZADOR;SEG,TER,QUA,QUI,SEX - 07:00:00-13:00:00;TJDFT;TJDFT - DIGITALIZADOR;2127
01/02/2026;DIGITALIZADOR;SEG,TER,QUA,QUI,SEX - 07:00:00-13:00:00;TJDFT;TJDFT - DIGITALIZADOR;2009
01/02/2026;DIGITALIZADOR;SEG,TER,QUA,QUI,SEX - 13:00:00-19:00:00;TJDFT;TJDFT - DIGITALIZADOR;161
01/02/2026;DIGITALIZADOR;SEG,TER,QUA,QUI,SEX - 13:00:00-19:00:00;TJDFT;TJDFT - DIGITALIZADOR;435
01/02/2026;DIGITALIZADOR;SEG,TER,QUA,QUI,SEX - 07:00:00-13:00:00;TJDFT;TJDFT - DIGITALIZADOR;432
01/02/2026;DIGITALIZADOR;SEG,TER,QUA,QUI,SEX - 07:00:00-13:00:00;TJDFT;TJDFT - DIGITALIZADOR;428
01/02/2026;DIGITALIZADOR;SEG,TER,QUA,QUI,SEX - 07:00:00-13:00:00;TJDFT;TJDFT - DIGITALIZADOR;488
01/02/2026;DIGITALIZADOR;SEG,TER,QUA,QUI,SEX - 07:00:00-13:00:00;TJDFT;TJDFT - DIGITALIZADOR;425
01/02/2026;DIGITALIZADOR;SEG,TER,QUA,QUI,SEX - 07:00:00-13:00:00;TJDFT;TJDFT - DIGITALIZADOR;408
01/02/2026;DIGITALIZADOR;SEG,TER,QUA,QUI,SEX - 07:00:00-13:00:00;TJDFT;TJDFT - DIGITALIZADOR;405
01/02/2026;DIGITALIZADOR;SEG,TER,QUA,QUI,SEX - 07:00:00-13:00:00;TJDFT;TJDFT - DIGITALIZADOR;406
01/02/2026;DIGITALIZADOR;SEG,TER,QUA,QUI,SEX - 07:00:00-13:00:00;TJDFT;TJDFT - DIGITALIZADOR;429
01/02/2026;DIGITALIZADOR;SEG,TER,QUA,QUI,SEX - 13:00:00-19:00:00;TJDFT;TJDFT - DIGITALIZADOR;498
01/02/2026;DIGITALIZADOR;SEG,TER,QUA,QUI,SEX - 07:00:00-13:00:00;TJDFT;TJDFT - DIGITALIZADOR;1824
01/02/2026;DIGITALIZADOR;SEG,TER,QUA,QUI,SEX - 07:00:00-13:00:00;TJDFT;TJDFT - DIGITALIZADOR;421
01/02/2026;DIGITALIZADOR;SEG,TER,QUA,QUI,SEX - 07:00:00-13:00:00;TJDFT;TJDFT - DIGITALIZADOR;1385
01/02/2026;DIGITALIZADOR;SEG,TER,QUA,QUI,SEX - 07:00:00-13:00:00;TJDFT;TJDFT - DIGITALIZADOR;463
01/02/2026;DIGITALIZADOR;SEG,TER,QUA,QUI,SEX - 07:00:00-13:00:00;TJDFT;TJDFT - DIGITALIZADOR;404
01/02/2026;DIGITALIZADOR;SEG,TER,QUA,QUI,SEX - 13:00:00-19:00:00;TJDFT;TJDFT - DIGITALIZADOR;427
01/02/2026;DIGITALIZADOR;SEG,TER,QUA,QUI,SEX - 07:00:00-13:00:00;TJDFT;TJDFT - DIGITALIZADOR;1240
01/02/2026;DIGITALIZADOR;SEG,TER,QUA,QUI,SEX - 07:00:00-13:00:00;TJDFT;TJDFT - DIGITALIZADOR;484
01/02/2026;DIGITALIZADOR;SEG,TER,QUA,QUI,SEX - 13:00:00-19:00:00;TJDFT;TJDFT - DIGITALIZADOR;452
01/02/2026;DIGITALIZADOR;SEG,TER,QUA,QUI,SEX - 07:00:00-13:00:00;TJDFT;TJDFT - DIGITALIZADOR;424
01/02/2026;DIGITALIZADOR;SEG,TER,QUA,QUI,SEX - 13:00:00-19:00:00;TJDFT;TJDFT - DIGITALIZADOR;683
01/02/2026;DIGITALIZADOR;SEG,TER,QUA,QUI,SEX - 13:00:00-19:00:00;TJDFT;TJDFT - DIGITALIZADOR;457
01/02/2026;DIGITALIZADOR;SEG,TER,QUA,QUI,SEX - 13:00:00-19:00:00;TJDFT;TJDFT - DIGITALIZADOR;466
01/02/2026;DIGITALIZADOR;SEG,TER,QUA,QUI,SEX - 13:00:00-19:00:00;TJDFT;TJDFT - DIGITALIZADOR;494
01/02/2026;DIGITALIZADOR;SEG,TER,QUA,QUI,SEX - 13:00:00-19:00:00;TJDFT;TJDFT - DIGITALIZADOR;444
01/02/2026;DIGITALIZADOR;SEG,TER,QUA,QUI,SEX - 07:00:00-13:00:00;TJDFT;TJDFT - DIGITALIZADOR;440
01/02/2026;DIGITALIZADOR;SEG,TER,QUA,QUI,SEX - 13:00:00-19:00:00;TJDFT;TJDFT - DIGITALIZADOR;487
01/02/2026;DIGITALIZADOR;SEG,TER,QUA,QUI,SEX - 13:00:00-19:00:00;TJDFT;TJDFT - DIGITALIZADOR;491
01/02/2026;DIGITALIZADOR;SEG,TER,QUA,QUI,SEX - 13:00:00-19:00:00;TJDFT;TJDFT - DIGITALIZADOR;3454
01/02/2026;DIGITALIZADOR;SEG,TER,QUA,QUI,SEX - 07:00:00-13:00:00;TJDFT;TJDFT - DIGITALIZADOR;3696
01/02/2026;DIGITALIZADOR;SEG,TER,QUA,QUI,SEX - 07:00:00-13:00:00;TJDFT;TJDFT - DIGITALIZADOR;154
01/02/2026;DIGITALIZADOR;SEG,TER,QUA,QUI,SEX - 07:00:00-13:00:00;TJDFT;TJDFT - DIGITALIZADOR;409
01/02/2026;DIGITALIZADOR;SEG,TER,QUA,QUI,SEX - 07:00:00-13:00:00;TJDFT;TJDFT - DIGITALIZADOR;3397
01/02/2026;DIGITALIZADOR;SEG,TER,QUA,QUI,SEX - 07:00:00-13:00:00;TJDFT;TJDFT - DIGITALIZADOR;1832
01/02/2026;SUPERVISOR;SEG,TER,QUA,QUI,SEX - 07:00:00-13:00:00;TJDFT;TJDFT - SUPERVISOR;477
01/02/2026;SUPERVISOR;SEG,TER,QUA,QUI,SEX - 13:00:00-19:00:00;TJDFT;TJDFT - SUPERVISOR;159
01/02/2026;SUPERVISOR;SEG,TER,QUA,QUI,SEX - 13:00:00-19:00:00;TJDFT;TJDFT - SUPERVISOR;554
01/02/2026;SUPERVISOR;SEG,TER,QUA,QUI,SEX - 13:00:00-19:00:00;TJDFT;TJDFT - SUPERVISOR;447
01/02/2026;SUPERVISOR;SEG,TER,QUA,QUI,SEX - 07:00:00-13:00:00;TJDFT;TJDFT - SUPERVISOR;441
01/02/2026;COORDENADOR;SEG,TER,QUA,QUI,SEX - 13:00:00-19:00:00;TJDFT;TJDFT - COORDENADOR;402
01/02/2026;INDEXADOR;SEG,TER,QUA,QUI,SEX - 13:00:00-19:00:00;TJDFT;TJDFT - INDEXADOR;1825
01/02/2026;INDEXADOR;SEG,TER,QUA,QUI,SEX - 07:00:00-13:00:00;TJDFT;TJDFT - INDEXADOR;1244
01/02/2026;INDEXADOR;SEG,TER,QUA,QUI,SEX - 07:00:00-13:00:00;TJDFT;TJDFT - INDEXADOR;107
01/02/2026;INDEXADOR;SEG,TER,QUA,QUI,SEX - 07:00:00-13:00:00;TJDFT;TJDFT - INDEXADOR;110
01/02/2026;INDEXADOR;SEG,TER,QUA,QUI,SEX - 13:00:00-19:00:00;TJDFT;TJDFT - INDEXADOR;145
01/02/2026;INDEXADOR;SEG,TER,QUA,QUI,SEX - 07:00:00-13:00:00;TJDFT;TJDFT - INDEXADOR;113
01/02/2026;INDEXADOR;SEG,TER,QUA,QUI,SEX - 07:00:00-13:00:00;TJDFT;TJDFT - INDEXADOR;112
01/02/2026;INDEXADOR;SEG,TER,QUA,QUI,SEX - 13:00:00-19:00:00;TJDFT;TJDFT - INDEXADOR;143
01/02/2026;INDEXADOR;SEG,TER,QUA,QUI,SEX - 07:00:00-13:00:00;TJDFT;TJDFT - INDEXADOR;104
01/02/2026;INDEXADOR;SEG,TER,QUA,QUI,SEX - 13:00:00-19:00:00;TJDFT;TJDFT - INDEXADOR;1029
01/02/2026;INDEXADOR;SEG,TER,QUA,QUI,SEX - 07:00:00-13:00:00;TJDFT;TJDFT - INDEXADOR;106
01/02/2026;INDEXADOR;SEG,TER,QUA,QUI,SEX - 13:00:00-19:00:00;TJDFT;TJDFT - INDEXADOR;3208
01/02/2026;INDEXADOR;SEG,TER,QUA,QUI,SEX - 07:00:00-13:00:00;TJDFT;TJDFT - INDEXADOR;101
01/02/2026;INDEXADOR;SEG,TER,QUA,QUI,SEX - 07:00:00-13:00:00;TJDFT;TJDFT - INDEXADOR;105
01/02/2026;INDEXADOR;SEG,TER,QUA,QUI,SEX - 07:00:00-13:00:00;TJDFT;TJDFT - INDEXADOR;2560
01/02/2026;INDEXADOR;SEG,TER,QUA,QUI,SEX - 13:00:00-19:00:00;TJDFT;TJDFT - INDEXADOR;142
01/02/2026;INDEXADOR;SEG,TER,QUA,QUI,SEX - 07:00:00-13:00:00;TJDFT;TJDFT - INDEXADOR;2121
01/02/2026;INDEXADOR;SEG,TER,QUA,QUI,SEX - 13:00:00-19:00:00;TJDFT;TJDFT - INDEXADOR;3876
01/02/2026;INDEXADOR;SEG,TER,QUA,QUI,SEX - 07:00:00-13:00:00;TJDFT;TJDFT - INDEXADOR;126
01/02/2026;INDEXADOR;SEG,TER,QUA,QUI,SEX - 07:00:00-13:00:00;TJDFT;TJDFT - INDEXADOR;1826
01/02/2026;INDEXADOR;SEG,TER,QUA,QUI,SEX - 13:00:00-19:00:00;TJDFT;TJDFT - INDEXADOR;426
01/02/2026;INDEXADOR;SEG,TER,QUA,QUI,SEX - 13:00:00-19:00:00;TJDFT;TJDFT - INDEXADOR;3159
01/02/2026;INDEXADOR;SEG,TER,QUA,QUI,SEX - 07:00:00-13:00:00;TJDFT;TJDFT - INDEXADOR;358
01/02/2026;INDEXADOR;SEG,TER,QUA,QUI,SEX - 07:00:00-13:00:00;TJDFT;TJDFT - INDEXADOR;446
01/02/2026;PREPARADOR;SEG,TER,QUA,QUI,SEX - 12:30:00-18:30:00;STM - BIBLIOTECA;STM BIBLIOTECA - PREPARADOR;3449
01/02/2026;DIGITALIZADOR;SEG,TER,QUA,QUI,SEX - 13:00:00-19:00:00;STM - BIBLIOTECA;STM BIBLIOTECA - DIGITALIZADOR;3877
01/02/2026;DIGITALIZADOR;SEG,TER,QUA,QUI,SEX - 12:30:00-18:30:00;STM - BIBLIOTECA;STM BIBLIOTECA - DIGITALIZADOR;3587
01/02/2026;COORDENADOR;SEG-TER-QUA-QUI-SEX (08:00 ÁS18:00);STM - BIBLIOTECA;STM BIBLIOTECA - COORDENADOR;3473
